<?xml version="1.0" encoding="UTF-8"?>
<project-private xmlns="http://www.netbeans.org/ns/project-private/1">
    <editor-bookmarks xmlns="http://www.netbeans.org/ns/editor-bookmarks/2" lastBookmarkId="0"/>
    <open-files xmlns="http://www.netbeans.org/ns/projectui-open-files/2">
        <group>
            <file>file:/C:/Users/alber/Documents/NetBeansProjects/U8_R4_GomezMorales_Alberto/src/Animales/Animales.java</file>
            <file>file:/C:/Users/alber/Documents/NetBeansProjects/U8_R4_GomezMorales_Alberto/src/Animales/Mamiferos.java</file>
            <file>file:/C:/Users/alber/Documents/NetBeansProjects/U8_R4_GomezMorales_Alberto/src/Animales/Sexo.java</file>
            <file>file:/C:/Users/alber/Documents/NetBeansProjects/U8_R4_GomezMorales_Alberto/src/Animales/Perros.java</file>
            <file>file:/C:/Users/alber/Documents/NetBeansProjects/U8_R4_GomezMorales_Alberto/src/Animales/PruebaAnimales.java</file>
        </group>
    </open-files>
</project-private>
